,abs_phosphatase_grad,kcat/Km,phosphatase_conc,meg3_grad,meg3p_grad,meg3-rna_grad,fast_meg3_grad,total_meg3_grad
0,0.5923460650496656,1.1719547652338327e-05,1058.6660418610568,0.6028453136011276,-0.26116240506069976,0.643651529193698,0.012997721904655424,0.0956388676358072
1,0.8007448477303603,1.6901342901175817e-05,2632.908845390772,0.5851969607156329,-0.7787484832726641,0.5925429653364405,-0.01127973438044827,0.11340888311438335
2,0.23826985305436532,3.12677543076308e-05,2524.5961503634194,0.18027558818220102,-0.2029571591052699,0.36693770251268576,-0.006657420249653212,0.06855637746624488
3,0.4511592691142212,9.12993431129191e-05,395.25924896680453,0.3745139188938954,-0.3927079707622694,0.46748474309337884,-0.020993450761087384,0.06965670932937151
4,0.047325971342564555,5.1792522437862755e-05,991.8045086053844,0.1370952103936397,-0.14459354616246656,0.321684350132626,-0.01201648844743941,0.0502455984063942
5,0.5597045410585563,2.7921300209863854e-05,573.2475732724192,0.5576460379442274,-0.2946864169186958,0.6170037144036319,0.011167412104398977,0.09984655720274993
6,0.862579642530397,5.58371991921783e-05,145.46897526361735,0.7808513831224051,-0.3468515727829389,0.7606365703150373,-0.035531803242466964,0.05453699281086566
7,0.8749224859650128,6.8007028009911725e-06,1602.7543941378656,0.7757464439793259,-0.40790908328440834,0.7587284086732818,-0.018184886713640935,0.08495249246831826
8,0.537376243402399,1.5431144746660846e-05,1561.9410296944282,0.4894386235061762,-0.366351597120828,0.5829494671708491,0.004629092175528093,0.10541955737685271
9,0.15572049386819098,9.876162393654313e-06,1303.9461738899008,0.3748605618091472,-0.13880784465269058,0.4849332090711401,0.0029240175161240334,0.06029531392511156
10,0.011022870361574122,1.788599457066681e-06,1089.6047589558707,0.4833227108561716,-0.034452502707667865,0.5275310834813498,-0.0030651143622502097,0.011889862327909895
11,0.2092751259479544,1.3237886525638498e-06,321.3210025986082,0.6361323155216285,0.013561650806574788,0.6560283687943262,0.022761741223067622,0.027206989682253324
12,0.15904894948636783,1.1095260859050023e-05,364.96662559765537,0.5061449994362386,-0.09473064557516109,0.5400440852314474,-0.023788604898828725,0.005277577869525207
13,0.9826619237324872,7.82712889545708e-05,1474.4721399014243,0.755779392338177,-1.444927086565312,0.7021770975400313,-0.008621618708912537,0.15741592920353975
14,0.48752832111976974,5.228091467049649e-05,703.508167982205,0.39127464679397606,-0.3766037735849055,0.47581596539520243,-0.005595979296376896,0.08407700853344402
15,0.9192572119351294,6.819846317463283e-05,341.31684611763626,0.7557752808988765,-0.7432405481637652,0.7317259854573288,-0.012603323889359475,0.12606949329784212
16,0.795227441925431,1.5563487263888692e-05,2425.6586534046064,0.5998621260168207,-0.6782042605304717,0.6211549793753682,0.010550717746009797,0.13352083926706537
17,0.001486877900943262,2.5890949616319208e-05,74.96054731008373,0.4625568887050062,-0.04449352669889439,0.5324840764331209,-0.012587540027596322,0.00362479002740701
18,0.709999155991798,6.492581619705476e-06,489.86454544608824,0.7588607594936709,-0.10257171705173151,0.7587373167981961,0.0037226011350027788,0.044928196104008
19,0.5308407467979417,5.3387392426942317e-05,1853.8105510144924,0.3365811174917671,-0.4354144241119484,0.4418392897791942,0.003590608701035558,0.09729269331386503
20,0.8496507699128266,5.666879643709127e-05,2824.785871445956,0.5782894411779238,-0.9639477977161499,0.5895736575692742,-0.0035078002400075192,0.1315336082033246
21,0.7161597203224077,4.8307211963359025e-05,2834.3061114953266,0.451499896200955,-0.7103279452906435,0.5189716503179908,-0.013722927557878961,0.1056069350204043
22,0.5768125311910911,4.010493059529056e-05,16.23770983407724,0.7476635514018692,-0.005138934292252539,0.7685352622061483,0.016348670003302757,0.026770055619582123
23,0.13638331333501652,4.203914539145486e-05,1648.1774430033709,0.11654631083202505,-0.2028599203487096,0.3099915710302795,-0.043254522348954216,0.025567822945352536
24,0.17097743364814233,2.5213289813770473e-06,2373.6051018811368,0.48665314401622717,-0.1276730891382596,0.5787121337526899,-0.024971515381694065,0.020748448567667555
25,0.28242733294060574,6.816207868518718e-05,1332.793346502672,0.19429756653325936,-0.2534545454545454,0.3511715889675373,-0.01575657945751452,0.05860094721092124
26,0.379126426519528,4.694783291165085e-05,2011.9761074778582,0.2683202440815865,-0.25712482561615646,0.3845011876484561,0.026822789447972673,0.09997085397843208
27,0.9275680125920457,1.0433959252380278e-05,1027.2434966056717,0.8171060826240398,-0.40753197143331676,0.7911589433425242,0.0006920127883963678,0.10713088052122255
28,0.8919960924177547,3.627631491071666e-05,985.7111439908495,0.6990378753743804,-0.8211006143885842,0.684069687998178,0.022293134126435632,0.15813339254619185
29,0.4402276336557206,4.432616193282494e-05,1959.8222349403313,0.2659349454067341,-0.3644997599945141,0.3912683388547089,-0.020685247537099327,0.06522651006711411
30,0.3102815771470798,1.588118402338007e-05,1573.1052622694162,0.35131928966855985,-0.2935507968127491,0.4579593058049073,-0.02965665362323122,0.0504757455806063
31,0.8910755049493274,5.80206545182937e-06,2124.8197773680845,0.7837047300157796,-0.40418447790690193,0.766199721471287,0.02132734090658428,0.12862419314869666
32,0.31478732657695485,5.4099524048683386e-05,1807.9357086203163,0.22200884543761623,-0.2350194298403161,0.3778639835131532,0.006662460956132432,0.08181472345960805
33,0.7895907707510885,2.8924026350884876e-05,1137.641508163667,0.6034816247582204,-0.6613282944055512,0.6167277167277168,-0.0019721818559268467,0.11893626667302959
34,0.055353984368871845,1.6920979234559346e-05,2734.5929790989903,0.16351281050851862,-0.13745330880303297,0.3283105952623362,0.0014708089449196882,0.060654105674569414
35,0.796101397551784,2.4274893816162097e-05,1051.4894449093513,0.6381895763486742,-0.5848386555561771,0.6526876886519812,0.0003499970833575894,0.12106770616688256
36,0.15991449148326076,1.0492421978276315e-05,2698.89513696769,0.2911167872853697,-0.20139787085862104,0.40658516462911576,0.0015937536553984888,0.06766595289079214
37,0.939259618935521,6.260716068302139e-06,1849.1841918370967,0.8130513547574039,-0.49124222925073635,0.7691300933600907,-0.0263346294762552,0.08390771239933237
38,0.7167064039544967,3.093992300177063e-05,1205.5634230550615,0.5234807831762147,-0.6076874803890806,0.57094204220641,-0.019895998191272968,0.09745373725660711
39,0.4030638005909408,1.7320262036314596e-05,485.5133773624366,0.5320795791255971,-0.176195991091314,0.5920467539067462,-0.015000963364619757,0.04432965368234143
40,0.8944646447418352,1.4210830269597646e-05,2795.899904197714,0.6784943973907096,-0.9246268393380146,0.6693579820702712,-0.006148560061485675,0.13773186583803776
41,0.07553862420869084,2.276707861353004e-05,0.8417335476739174,0.5625,0.0038779633789737256,0.7333333333333334,0.0044382592996577985,0.004849259454176247
42,0.13804756614443714,3.349802175037477e-05,597.0430397643956,0.32908256508142797,-0.15945138812078308,0.45428023672584816,0.01281720799679209,0.07754353803849678
43,0.3678583416382698,1.2977668058794141e-05,1231.8591132423812,0.44531716895756857,-0.2590742734122713,0.5179920834832674,-0.022926326635754668,0.051313709996049006
44,0.013076423638018864,6.377604747024721e-05,1789.81693293001,0.055113404007675615,-0.09358773466064463,0.25245579567779963,-0.020113155931360538,0.03217094188880243
45,0.1950507985109875,8.282128447099678e-06,2994.6312725604516,0.312813650050184,-0.22605111696419877,0.4451013513513513,-0.012576393490906446,0.061078229064982836
46,0.9034580075931663,2.947542598848559e-05,1949.1969727694327,0.6713113719550675,-1.019305321690097,0.6534579439252336,0.008656679764243669,0.15260440883674897
47,0.010940612425084595,1.9340021009183364e-05,2237.518718712052,0.16983875231297918,-0.1331324476099165,0.34802894042869703,0.004193562880977608,0.06654160229529915
48,0.0750047784448461,5.01296716055294e-05,2763.909040530995,0.11276844280708065,-0.13823697767601617,0.30298862073277477,-0.008976909906991848,0.05275464881784542
49,0.4033319173251758,1.4599338571432489e-05,738.1339413268668,0.5356013849164534,-0.17191133448353457,0.6076291445795656,0.02057253627837774,0.08872505248932117
50,0.9578793245798121,1.1623726898014838e-05,1944.6007955668094,0.7978868935005967,-0.7937244439288924,0.7666012534025448,0.0006246368390471213,0.14358968299916108
51,0.23847298644110626,0.00015851798409094206,421.55908621509786,0.18110236220472453,-0.23103567717353668,0.34813798265859897,-0.020948793553267286,0.05227205227205223
52,0.9792430046188223,4.565727851842547e-05,2451.7167679880913,0.7355174181578498,-1.3949153284032731,0.684096868733611,-0.027406919894697346,0.13878580435957488
53,0.5967583181905788,6.304106192367262e-05,1368.2807583334334,0.38026729771156587,-0.49369530273263074,0.4794775068971341,0.004909330796845746,0.10653099116260578
54,0.494480089016604,2.9456103792483127e-05,1738.413605175747,0.35099686740638814,-0.4293385639409626,0.44834558823529413,-0.020886968248130522,0.07298715308424042
55,0.25357877385136074,6.349079038501075e-05,930.546929318522,0.22216565850152714,-0.22071181413741958,0.35510585305105846,0.004181746297253652,0.07306103492948102
56,0.4642896391287342,5.080211750026119e-05,275.5101289976023,0.49984735487810195,-0.2911507801899593,0.5521759047182776,-0.03241222876870631,0.046351157853157576
57,0.23824291574416057,2.734993900461629e-06,2405.667962525876,0.4926145880919751,-0.10755141283446856,0.5625975647830159,-0.0017449664429529665,0.042938719007242776
58,0.3471990084096822,1.6174076555854586e-05,440.2814728965484,0.5378787878787878,-0.129566709278073,0.5692889341282537,0.002402029580049758,0.05054271989725989
59,0.27795376930722104,0.00010873702431961476,2466.6044508687505,0.1967606478704259,-0.2327736151993578,0.35855845228264716,-0.0010939401876646215,0.07339628864971837
60,0.1842565652865945,1.4712888704415323e-05,1835.519800633088,0.2923874169768631,-0.18920618033222913,0.4418378054264728,0.002719643973879804,0.0740794874605668
61,0.4931540029544378,1.3014387748565072e-06,1148.9247405757392,0.6578826764436296,-0.020816857230942398,0.7002386634844868,0.016690516291615443,0.034356418543830536
62,0.552652707145329,1.3293083523119876e-05,2718.8405571902667,0.4314453541102353,-0.40365516836105075,0.48991688679853096,0.00654796609409336,0.09758287628015339
63,0.021425635886633487,5.70364637358088e-05,1457.0742030954143,0.0835870554631345,-0.1186141387079096,0.2804838395005528,-0.019055714396105428,0.03846057790764468
64,0.968267944319887,8.876867094747624e-07,2084.681580071988,0.884742206235012,-0.05411512015509268,0.8459048235674975,0.025813119648849803,0.05691136754235204
65,0.7538705832147121,1.2293947019043489e-05,2104.2511124343855,0.6110339412972581,-0.53165960041012,0.6296178748254411,0.01515830238573479,0.1291006038348812
66,0.126325256681331,4.7230326849234764e-05,1018.2455594186438,0.19122924010034614,-0.16711559401684917,0.3345280764635603,0.0028619198963683035,0.06420723098643422
67,0.24883714957534597,2.7791865289826656e-05,574.1285598996985,0.41775855489123526,-0.21408552380143542,0.5088222122704881,-0.003268205033884586,0.06658847103096055
68,0.3608355865040286,2.3304677667986626e-05,1097.9117383331209,0.3906836964688204,-0.27331303906646376,0.5113961106851607,0.009694040930395054,0.09636479668629361
69,0.9686165346626482,1.0113415251386048e-05,1206.6465003354724,0.8410334685975951,-0.48608801684957315,0.805238630885425,0.00925437011922281,0.1266170686632233
70,0.12966463060120492,6.5971719708410655e-06,2911.8403215641615,0.32605021230984876,-0.1636786405024231,0.45000848752334066,0.005364715257421104,0.0692088329921029
71,0.3454100187836333,2.046849593550318e-06,1609.5640237971716,0.600558998663264,-0.059168412476722665,0.6319514661274015,0.011368804001818833,0.04170734419989863
72,0.4670036574695152,1.1582101520218295e-05,294.09178225277054,0.6338444065871665,-0.08052960647296792,0.6634111481657932,0.0013935920812711,0.03571340364049502
73,0.7307188498860375,0.00010867484910142145,2493.7537559846246,0.4684668311047644,-0.7271229006435411,0.5150585610708309,-0.007609493898341979,0.1067753786815413
74,0.9040641771269914,1.9363200841849263e-05,1218.4588185126624,0.7460246024602459,-0.6894693785438235,0.7191629955947136,0.006164672356387735,0.1368521047319361
75,0.0009334222400150249,5.477002855365128e-05,2108.1704231351437,0.08410667488823809,-0.06563107976653693,0.3017792256609447,0.008709494726852451,0.06625416702545106
76,0.6409330158260353,0.00010097921760539125,2133.455657095358,0.39183479454948766,-0.5676122487319182,0.47366360993066425,-0.004171642138237841,0.09957871477654878
77,0.49337737868948905,2.684149720696836e-05,654.1153450025838,0.5144844014138621,-0.29001623557146994,0.5719153078607935,0.004944288712653733,0.08882834441537246
78,0.663945790002818,0.00010890002921246989,461.08586294806975,0.46059249433482563,-0.6106383711716679,0.5190067986993792,-0.0162237590664438,0.09401178647964148
79,0.1965026125946393,7.17251700522111e-05,2807.7465039923723,0.1638724911452184,-0.18256799659607892,0.3415640394088669,-0.00040351993543685793,0.06843677562505435
80,0.15582510435773855,0.00011852580360740674,2745.2142933419454,0.13636631157671708,-0.1695697387235151,0.3131529109902865,-0.00901874787657908,0.0559890536592581
81,0.16108939731402228,4.117558969144755e-05,1043.9846544758802,0.22543870885103112,-0.16181641977017858,0.3913215771745592,0.017759826559553327,0.08633189467048152
82,0.4541099411983134,2.126182805189597e-05,1676.524313900733,0.37704351106639833,-0.36951719785421266,0.4733930453108536,-0.013319933400332884,0.07696912682801671
83,0.9625411917620813,1.260146549727019e-06,1465.7924322013882,0.8719759579263712,-0.09082663718946193,0.8388231531819635,-0.007847911108809003,0.025104237973738286
84,0.14317160336593127,5.538469754924904e-06,434.0520387402781,0.49991226530970345,-0.04802539081531809,0.5500180570603106,-0.007751238134543925,0.011481227818940454
85,0.4893184205378758,3.991155187933137e-05,2538.5498524908035,0.31214937850621494,-0.3739130434782607,0.4407617549575866,0.00990784473607298,0.10253623188405803
86,0.13933702085282984,4.84837530158329e-05,2455.9498762374906,0.14071909844374209,-0.14200846868482575,0.31501189432828347,0.0034668957476836626,0.06478401222246866
87,0.3701658323661373,1.3036957397628746e-05,982.4239535041472,0.4915065441381231,-0.23421727287293703,0.5614474064093927,-0.015446176231916464,0.05777804922738661
88,0.7742028090199448,4.060286723159306e-05,764.9800737086291,0.6059281558456595,-0.6160370315066448,0.6438168846611176,0.004483184383819339,0.13121670673643515
89,0.5741958403255106,2.5265812413403724e-05,1317.5347177747026,0.4673239181056643,-0.43183275992769254,0.5350003173192867,0.009530171454019243,0.10914078102066849
90,0.7548622336139447,1.136966585781362e-05,1563.509401024163,0.6543092522179974,-0.463718188214173,0.6609247506799637,-0.007598063858207826,0.09919260430369659
91,0.3057297364966097,4.487588311689797e-05,2196.8523961334113,0.23289173665829654,-0.21986901697566053,0.35834553440702777,0.02021794361627216,0.08803376972959742
92,0.47937421807459824,2.401951801829375e-05,1591.4830461295771,0.371221392730388,-0.4039479160473274,0.48810572687224674,-0.021938421639878136,0.07664331241181344
93,0.31064055847391936,3.897342570139023e-06,952.732282346992,0.5816719903073025,-0.07115948095437408,0.6288448393711552,0.0068578799805188995,0.040828770532603254
94,0.3292626078949039,0.00014777358300824275,1885.2882773210004,0.22680383234886803,-0.22693050836164974,0.38731009830205543,0.0185471170165592,0.09386026817219473
95,0.2813409737136465,6.032776178456458e-06,998.5629427611941,0.5287284633975209,-0.11621485536082643,0.601095461658842,-0.005013845202570089,0.04292929292929293
96,0.5466337337034117,2.3659590949775217e-05,145.29676138842106,0.6921357880174523,-0.09551839464882939,0.7250761863299956,0.0010173205342237646,0.04194866241724704
97,0.464134929581865,1.7765583181929316e-05,2328.572499916268,0.3708494266295398,-0.3414692367368861,0.4700056415721181,0.014077981857038346,0.1018511814254337
98,0.39959062529927103,8.564290303977462e-05,1112.047665034139,0.27408897831433054,-0.3097485872838628,0.4178831072185014,0.01000964231599244,0.09605584136415246
99,0.7366101704903758,2.3358557582662773e-05,1880.2038995052171,0.5232626372705171,-0.6966561855495823,0.5774566806746877,-0.028746710727617808,0.0985314558530247
100,0.3551021912074247,0.00017581865168707058,145.69571841104622,0.36867512962631865,-0.30343081402709204,0.47743094543004716,-0.024814705010376414,0.05820413516623579
101,0.2651972375093463,3.198588639034038e-05,760.4515246584087,0.3334322379645428,-0.25612185404722565,0.44617151607963246,-0.02279599565510959,0.05264454462592072
102,0.6443959096601648,3.88363965681382e-06,1998.6723061553519,0.6917811969555933,-0.2061269926084246,0.713909559244419,0.014259219438769954,0.08776445401296551
103,0.7438604201013888,3.090285109709789e-05,2517.1575344575754,0.49124447908547675,-0.7494119915172548,0.5411514788387167,-0.008195576251455394,0.11363306919211447
104,0.8652723819041164,8.469964355010524e-06,2673.0290806210073,0.6980620638085742,-0.6608943022067557,0.6699162433063298,-0.02231234352810252,0.09936164307521511
105,0.606281708392766,2.22045307703666e-05,1557.440081992438,0.47876032068924257,-0.46388561320754707,0.5338609816812407,0.003994179485656502,0.10399325423116312
106,0.1665774939668423,2.8994921809944786e-05,275.9611006784041,0.4548646276416177,-0.10824116536282702,0.5431911966987619,0.004276675255993512,0.052412369614094456
107,0.42931686725388674,0.0002038576855310053,2083.264091985203,0.26944033082790797,-0.3485926491514246,0.40490328649538476,-0.0062072381660009945,0.07947458063251267
108,0.8652554961353955,3.048759136183768e-05,845.7900640966398,0.7008276104948055,-0.6877469215906797,0.6958296696394926,0.0004509025323267135,0.1312106574705043
109,0.12550682497663457,7.612212965221487e-06,2486.7827520494234,0.317178402379257,-0.14161768821718423,0.4057750759878419,0.014134979096157796,0.06788290719929335
110,0.3023804065939081,7.108207886654557e-05,902.7837966093019,0.21897285311919457,-0.24338357931837495,0.357615476715609,-0.006538656352166328,0.06478647247593194
111,0.6886634887872133,2.2318733903830064e-05,578.0726634450492,0.6374984344341001,-0.34392737940857576,0.646333726094444,-0.012790173540680572,0.07586711368485222
112,0.3639556727390596,2.5001141733197166e-05,997.3979715778821,0.39325209551313667,-0.290375244267445,0.49908471845939806,-0.008325947021984748,0.07569291204927375
113,0.47854282408276905,3.027530678800242e-05,2002.1903265473786,0.3437197655227363,-0.34487932159165036,0.4475138121546962,0.02287164523874652,0.108630266572877
114,0.40591464393906673,2.9514696866353677e-05,2917.9423594617383,0.2586904490540233,-0.3282163251595567,0.39387400347659285,-0.010668146640766984,0.07209162589363449
115,0.45912237345350226,9.846493207327559e-06,1366.7856124334612,0.541553669845158,-0.22301835180762253,0.5907575476940174,0.0202647218472074,0.09480077921763641
116,0.7774758558727465,5.079087380770028e-05,223.11839391963784,0.7050513698630136,-0.3483292347750615,0.7150938313729012,-0.005379715962146925,0.09142457291767203
117,0.5729840242866219,1.841104226432284e-05,2067.00605262536,0.44083205837354367,-0.41515685162522775,0.5175395256916996,0.01591323287549451,0.11297396125855907
118,0.46445451273061567,3.2141930706752934e-05,668.8093845832924,0.48664095371669003,-0.2893628162711541,0.5580998962501853,0.024414104036408424,0.11011936639413522
119,0.27612127746600557,2.9132712104774543e-05,1873.538812550936,0.26402759034337986,-0.19142575263834494,0.4100861008610087,0.035946342485851934,0.1091940183495076
120,0.17150954827068776,5.2265735934952635e-05,1471.2952293183034,0.17445732976509076,-0.1746182301052832,0.34107087588981744,0.005271303574985842,0.07190409511877571
121,0.5148601940709356,1.0764377251752778e-05,2482.7604348042173,0.446138482023968,-0.35425328835543013,0.5160329662719025,-0.0021235775691625935,0.0883220502901354
122,0.20415016041484368,2.1724275323864667e-05,28.374163619239056,0.5769881556683587,-0.018655933714405437,0.6494845360824741,-0.00512498558597807,0.002116013278933737
123,0.4863172487460735,4.861827239791178e-05,129.78898081338218,0.6178139312324834,-0.13331125827814572,0.650626423690205,0.013141585253701793,0.06771233227304307
124,0.49399858070472435,6.58148273950993e-06,966.6461034538364,0.6077468247842257,-0.14587762423598205,0.6422394840979042,-0.0016384856095301714,0.05241012770355069
125,0.6937994436582945,5.615334973975984e-08,1745.012060651173,0.7535816618911174,0.000937088440887468,0.7409638554216866,0.0042487739072331054,0.005787401079476062
126,0.21784512697443836,5.5715828247799166e-05,1279.9461534442817,0.19379753552266965,-0.21438007171164375,0.366966930657155,-0.003682512630105217,0.07085111297518765
127,0.25661750008142115,6.248096972867869e-05,1933.581299436017,0.1903012065623102,-0.24779291734683695,0.35896669257908265,-0.013332713927343587,0.0632464545331547
128,0.8025669544227085,1.4432585445773532e-05,1678.0123334098985,0.6597525811552414,-0.5894070840470795,0.6652216111290844,-0.0007889315821001386,0.12189220757550479
129,0.09774429804299045,5.670803962930826e-07,974.8978479280569,0.4948148148148148,-0.02036001512011354,0.5873715124816445,-0.01145140836951919,-0.006273015873015764
130,0.2920847886658684,3.669048180859836e-05,2355.0154826742355,0.1995572609208972,-0.253028263795424,0.3726554490079006,-0.014717995741572398,0.06465325490583762
131,0.8782440910120142,6.513040999515721e-06,739.4480708428781,0.8191027496382055,-0.22591857000993043,0.8060143346837021,-0.0313846982758621,0.03524758858389754
132,0.14727007884976384,1.8488770665621234e-05,2197.1317682315216,0.21803246239113228,-0.18114987930656112,0.3517711554680911,7.488617301698586e-05,0.06185490641513158
133,0.5095775854741489,3.488985395348066e-05,1376.2874979014393,0.3869449910171957,-0.39766938359653614,0.4789288316735487,0.01623166603986459,0.10809833258985102
134,0.4211143801353108,3.596727084683115e-05,2503.540812080168,0.27353342428376537,-0.3123826133619534,0.41374199668010425,0.004769230769230748,0.08903356622856307
135,0.8488023961552718,8.90801888688409e-05,1957.8272019935366,0.5854039541127654,-0.9421433267587114,0.5945192754296331,0.016170030318806927,0.1485067841243224
136,0.5562965666292489,1.4569238129772126e-05,1512.5280919200434,0.4992711876171305,-0.3498389595063065,0.5453806356245381,0.002259415430224343,0.09077658792777388
137,0.8499483171135289,4.935061406341221e-05,2203.7397321628832,0.5902219363139273,-0.919476109628911,0.5953644820518211,0.01702095004220694,0.1477394217291107
138,0.6902695659201212,2.4133316436931844e-05,2578.366098827521,0.4646878743511247,-0.6855191865211905,0.5188348416289592,-0.01574925206553912,0.09924444282220668
139,0.7647518733535137,5.705680653947813e-05,698.9030003068716,0.5638153334257591,-0.67442996742671,0.597891654465593,-0.0055568037145210525,0.11734255725190834
140,0.9317696980107311,0.0001300301965190596,534.2348642578105,0.696839326309614,-1.2194434075733067,0.6746430930244374,-0.013764995386034817,0.14620497503040042
141,0.4000612532661034,2.543629286365944e-05,2022.8046676662223,0.29213617837449046,-0.3541009714922758,0.42942420097002865,-0.02113861309698417,0.06848908404972465
142,0.30264378522105573,2.931771083536116e-05,2406.913090059105,0.22999410724808478,-0.2549892686677131,0.3963399656104152,-0.0023635219546633834,0.0773566139904962
143,0.5452234686834785,1.7337107689934766e-05,1602.1437887858153,0.4812167396164626,-0.3825659316904455,0.5583910875056675,0.0163455246128118,0.1157308441404209
144,0.34612016950418323,6.298632917230451e-06,1142.789688519828,0.5429842896635426,-0.11201363818692345,0.609823399558499,0.018094638576001465,0.0704545177082444
145,0.09144719613524921,4.173466051616563e-06,1240.6586690121285,0.46768270290121194,-0.06958244343331166,0.5341639088962429,0.00791990040526569,0.04144191064320535
146,0.6035520092085646,9.997541396414519e-06,815.272970151851,0.6339042649727767,-0.17264665635940357,0.6634672354544378,0.019782688118209157,0.08575210706565306
147,0.07690989523629332,8.515131036375443e-05,913.9160597250275,0.11994732974032352,-0.1219312602291327,0.310423680365877,-0.0016146230007614282,0.058739695059771724
148,0.20067777915570595,7.714569187444735e-06,2761.6400822364544,0.3175659520204033,-0.22752861263608448,0.44190429367420514,-0.02661496430774668,0.04460304411728078
149,0.48125730198908956,1.867306116056589e-06,2098.3585766242986,0.639235412474849,-0.09436675142269046,0.6751406543029799,0.001565542282797483,0.04156612342379129
150,0.23579627070092424,2.6761996248387524e-05,2429.4654572238037,0.20156538031488924,-0.21200471259378695,0.33847828871525554,-0.0025709694697375607,0.06320483207549499
151,0.2866492131022853,8.696304989797905e-05,2962.899000096929,0.1851948126967623,-0.25515333490772907,0.3455553568234663,-0.017910494211378136,0.0573194960326765
152,0.4522021172398948,2.8268748794389003e-06,1439.416482890274,0.6115050434435234,-0.08660857462709148,0.6607179912844989,0.005228929908690838,0.04425828452813396
153,0.8956274590065059,3.3933471985517396e-05,1571.1770805547644,0.663542595186553,-1.0170456716988343,0.6543361228079527,-0.008512914565184104,0.1391954009335915
154,0.6146674986562731,3.516558468065187e-05,1463.5062825571563,0.44155162893429045,-0.4907162680058146,0.5077282006415865,0.017145951149079464,0.11771669077995517
155,0.6775055680742929,8.871547800801094e-06,1477.8896002015538,0.6484577922077921,-0.2996666385348976,0.677427554651754,0.024640457549003125,0.11653426847014492
156,0.5260815940447884,8.611261514633282e-06,2402.914474321332,0.5043594177835422,-0.31116378288694,0.5606280009145644,0.012452463328853747,0.09904053354521047
157,0.8510307911606024,1.1602976669254994e-05,2265.3767237368706,0.6874483165977554,-0.6508244703973107,0.6830212234706616,0.01197946377638337,0.13936980814580457
158,0.4911992849044947,5.324843864014279e-05,1336.7552655345753,0.3089373079986346,-0.39061708379775073,0.4187745246000605,-0.010870404397572697,0.07664027149321262
159,0.3399694906263496,5.6024981564724294e-05,1863.1915448085124,0.24295426975484524,-0.23635398347546221,0.38705299185648523,0.02270370822151735,0.09751605476796321
160,0.3013133990066976,2.270163384038896e-05,1608.7657286025867,0.2941044248924283,-0.28317936007210465,0.39866430421153054,-0.013429163040542536,0.060932120019675406
161,0.7813779163568616,5.230625685238988e-06,2926.3174747954795,0.6878661394258934,-0.44761771757093305,0.6955673482128921,-0.006318036286019346,0.10192684952280084
162,0.440265037036368,7.115402637834403e-06,904.1871428057781,0.5757770173937838,-0.1586905141056374,0.6162145961336729,-0.01886408359910452,0.03387341646133557
163,0.8072818986247193,2.5615887186745965e-05,1732.7814162415855,0.5916193941988654,-0.7910198398886181,0.6101752594861324,-0.00931893134852202,0.12112309364288876
164,0.3342077434228077,1.5188737273892602e-06,828.3647710804478,0.5720364741641337,-0.06173244265945388,0.626537216828479,-0.034473742695409815,-0.021387016581665197
165,0.8628198062422802,4.853439172071716e-06,234.30453496339697,0.8509870004814637,-0.07172515862031137,0.8225556130367304,-0.022028602175632406,-0.0013786997217302144
166,0.12709519502051192,5.95420804949989e-05,2717.89934919984,0.09368271009613927,-0.15133693276770788,0.271092320312993,-0.02527734868698217,0.03347678142513999
167,0.0196577318095974,4.4566416925010636e-05,1917.6800139100524,0.08220542020598032,-0.12207445984066467,0.2837403598971723,-0.02012484859778252,0.03900797918907428
168,0.8346379590107103,8.653689805045603e-06,1417.7215251928958,0.7473258282921358,-0.39316532863950515,0.7376679670567836,0.004724167330565909,0.10648515924026858
169,0.2626887453522594,3.721602114825168e-05,243.46511391479254,0.4943238050881994,-0.15939678936273705,0.5710193363571259,-0.004898183819482815,0.05462755064274971
170,0.13114984044700095,6.541402086226002e-06,2065.4946611191262,0.3688553109001441,-0.17791666666666672,0.45566108206167966,-0.021923169642224183,0.034096883214419726
171,0.09904388281457166,3.5085557246590506e-05,1707.4069101636335,0.17232181626449972,-0.12921085007909072,0.3353758977400013,0.017249171437179966,0.0764495996664909
172,0.263362647949543,4.1790382320315826e-05,2605.8090523647397,0.17916226680746217,-0.1958298474805329,0.32771972956361406,0.00033757864047867514,0.06574165029469548
173,0.7501942635154871,6.834453590122133e-05,879.6446917554401,0.5128252396502686,-0.7082224247948952,0.5670610349402918,0.0007645610654922752,0.12345930406659866
174,0.06406788212238812,8.829492184998032e-06,1972.3234291960703,0.3225498699045968,-0.14168287632553178,0.41825726141078834,0.009369135471490542,0.06363502863576287
175,0.3060830413148917,2.2303568833100994e-06,1435.114465380382,0.5639549756971093,-0.08013112633404873,0.6130504833512352,-0.013738726860397676,0.015596722300422194
176,0.7106798248075998,0.0001476530086872058,1481.4753662241837,0.44871067560598243,-0.651598086124402,0.5188212518821251,0.005823896464063005,0.12007041831834353
177,0.891114548292684,3.2964969335764425e-05,1737.0045214234115,0.6535005759631384,-1.0037343599615016,0.6500698999892462,-0.0083487084870848,0.13805925536239505
178,0.9432479819102166,6.4722535473742e-05,1669.4406516389247,0.6898712654845762,-1.252596789423985,0.6560784712339907,-0.01211453744493407,0.1441338657539457
179,0.27174166332558325,3.399002157468057e-05,211.36687613810236,0.5044136191677175,-0.14447645183834168,0.5877344877344877,-0.01749359071030021,0.03501896808603877
180,0.22343667356627916,4.414765662076615e-05,2911.2455156818924,0.1722235197944646,-0.2368719556949357,0.3681580199904807,-0.018699592065518633,0.06154206876126067
181,0.37487281201481115,2.1098071640081515e-05,937.5739388013266,0.42549816212033276,-0.2594958523863138,0.5228904131440422,-0.004267343290467629,0.07643280994359114
182,0.38146979850924634,1.241685157200012e-05,627.6434350274093,0.5558342215812904,-0.14015001293214935,0.6084417308202814,0.00996700205560963,0.06530597216426526
183,0.4884853881110466,1.0857787935041015e-05,2971.009958347761,0.4170816262212417,-0.38519493614160893,0.5107676047033956,-0.007696414271732399,0.08735406675386326
184,0.06498630252291515,5.628338646833067e-06,2198.5026140534424,0.34230728222625006,-0.14925741634063883,0.4585555555555555,-0.020136671707836173,0.03344028254489384
185,0.112431913861199,1.4766558734924888e-05,1330.694713024479,0.32837893017558184,-0.14848385331143943,0.45530868385346,0.017957671203591485,0.08088387813121511
186,0.725878928110039,2.3380881030852084e-05,724.3073709302813,0.6326463972135549,-0.4539604900750309,0.6514757608196973,-0.02413961365136763,0.08262844990091345
187,0.3338622216319467,0.00011014267538001869,2099.8770249238205,0.21730666139999422,-0.2880752780153977,0.35026322086623596,-0.011087400259788494,0.06313280251646525
188,0.8471618140805194,1.3051233976942741e-05,2308.9169797632394,0.6668558778452631,-0.7326233359436178,0.6626280892103678,0.0015932339671526075,0.13253889598681778
189,0.40337448056960534,4.929556301868611e-05,1714.4953476044388,0.26333475722625654,-0.30630360062735673,0.41372618207480594,0.0010448357456745994,0.08653119898642891
190,0.9918330723189983,3.386280616349751e-05,656.7076381936735,0.8287504758558084,-0.8457816055534753,0.7809611829944547,-0.015421252867888535,0.13646939926671053
191,0.6299717876990374,2.703623176157995e-06,1787.0961158797015,0.6990430622009569,-0.1342532312871163,0.715945445361172,0.0041182234699012055,0.056017285193414756
192,0.8015014638901856,2.370340804893708e-05,1237.1030039497596,0.621280353200883,-0.6922357343311507,0.6400875547217011,-0.027296838215573382,0.1011142664613015
193,0.22133843072926718,2.114196395178485e-05,1604.0380087822807,0.281510921114154,-0.20714380914300956,0.41204885791180734,0.009754362038039033,0.08089276126324008
194,0.7763871923308229,4.376451026739491e-07,740.8041740353653,0.7747663551401869,-0.008062341930597183,0.7624521072796935,0.002545495991793545,0.007536013084229687
195,0.31614072728940534,1.513375858393641e-05,1837.797942192149,0.3457943925233644,-0.30452631854195533,0.4256751811461611,-0.02349028167550138,0.05226515245031482
196,0.4514377276905772,1.9446514206974228e-05,1271.2263171799927,0.46005407232173035,-0.30245541353003613,0.5284464685896046,0.023707644269688743,0.1078196340155887
197,0.3865066244965494,1.5594398200220366e-05,2984.8585093174866,0.3271185938287341,-0.2887102097146801,0.4485753561609598,0.02106816961889435,0.10342835130970729
198,0.7120254696848783,0.00013638624770854305,292.142841742138,0.5351621365183903,-0.5575991951204176,0.5716057402704777,0.021318746303962133,0.1314958674754355
199,0.716547620361122,7.619440967685949e-05,1526.6187229121108,0.4537705940439686,-0.6453419698990284,0.515097013298452,0.008110989231696175,0.12008426120975024
200,0.12679288114070286,5.396977889633611e-06,2354.8362474138635,0.3764407918540341,-0.16125686628509972,0.47401069518716576,-0.01558539761668043,0.04109555118061492
201,0.48730128891424107,1.5251269418964592e-05,1351.1703914668585,0.4605399408284023,-0.3261545824359895,0.5094068877551021,-0.01710010169984022,0.06406223117949217
202,0.4984499730391092,1.9802200294083447e-05,1459.3386599364524,0.4414277393048993,-0.3600717306354049,0.5331758353020587,0.002754013828665358,0.09734108499139382
203,0.9647547496534445,5.25123094167168e-05,820.5228728388068,0.7697413421832645,-1.1876186859096087,0.7410469798657718,-0.013464431712839842,0.1529824228928791
204,0.06128475915117937,6.452263366846637e-06,499.73463497946335,0.48093190958258214,-0.03362327106801666,0.5339379754242247,0.014352025445753314,0.036342698646590454
205,0.291575610057468,7.151878161673026e-05,2244.6185644205257,0.19281377988206938,-0.2334816388870442,0.3616919297825175,-0.006104268339917951,0.06946427692156198
206,0.8465497417038239,7.321224517187663e-05,1086.0473317745536,0.5984064136930378,-0.9134917438582362,0.6110677692827795,0.025208800940558662,0.1581680830972615
207,0.9892210070101808,4.450523926321881e-05,1825.283077219936,0.7725814500605974,-1.4153852836417338,0.7102818051868491,-0.001136660368953768,0.16340579282332235
208,0.9475304802491992,1.125386969658133e-05,1562.3035926105738,0.7959984307571597,-0.6562467997951869,0.763349175286553,-0.018449919595681097,0.11478631664205052
209,0.347898644968336,3.194768356750611e-05,1100.0503045296923,0.3467612505617257,-0.23751021520021776,0.47202361429977047,0.030708475775079624,0.11166059030911213
210,0.942896940926038,0.0001064333593820603,513.7346515958947,0.7123165410551369,-1.134414877061936,0.6867682105481298,-0.006465778316172122,0.15032457641020847
211,0.8095562683723482,2.251807343204925e-06,251.49005357047892,0.8304412493802678,-0.02885751030156669,0.8227027027027027,-0.006699139595238934,0.0029945415950672905
212,0.45921396729132036,8.120225170046193e-05,1470.5046760943712,0.2763044145123956,-0.37096605379757874,0.396295207291973,-0.011236477480549345,0.07376697290468193
213,0.28936210474959057,9.309732624419578e-05,1506.6766702528842,0.1863792002785677,-0.26992279288351795,0.36834388927984985,-0.025182095498972767,0.05735265177605042
214,0.17969114751787507,1.058594025060653e-05,1440.8739424279074,0.403674634320371,-0.16473964906566785,0.5178735949880229,0.01340321453528992,0.07985049269452948
215,0.9337389446617169,2.4878429059194833e-06,191.84046511650178,0.8646003262642741,-0.009294929803242313,0.8422273781902552,0.010998446832422126,0.019948785210167963
216,0.9123482214997036,4.881019965634555e-05,536.8612159305309,0.7378878763409851,-0.7407331136738058,0.7124930799040413,0.0059416322013163825,0.14119517221077427
217,0.054108689175786595,3.648708347479585e-05,2388.80273928494,0.10883911144158387,-0.12360563030171212,0.29323211528564075,-0.007213775985107196,0.05115994200289986
218,0.8746819250742336,0.0001013708014321472,2219.2648389780657,0.6100894090281312,-0.952341824157765,0.6243559955551066,0.030467452104067982,0.16813216405765208
219,0.08959936290259785,1.0400641808008991e-05,486.98394607869864,0.4636625119846596,-0.09536793183578629,0.5520730013886135,-0.017604694585222624,0.018282700791042217
220,0.5484534750888678,7.812978181628253e-07,167.41079129954684,0.7080745341614907,0.006052871006874239,0.6666666666666666,0.010311609038043734,0.01193981232068364
221,0.2677790641926716,0.00017255480906779537,11.876510913819583,0.5716448987317811,-0.03181886668401668,0.6107784431137725,0.008902797292119069,0.027563586855622324
222,0.18735441799333175,4.194403169157435e-05,1039.9036812758718,0.23193465727098017,-0.23387743413516615,0.3879463991022509,-0.014000604777744119,0.06090614966354613
223,0.24276640459741317,9.858098720024215e-06,110.48282545212528,0.5811995790950544,-0.04088456670885243,0.6191165821868212,-0.018122080188921252,-0.00702422538053149
224,0.590892392281409,1.5249976577934277e-05,2119.7586162202615,0.4691453493767206,-0.4722513393897043,0.5383761186230323,-0.015778501042400972,0.08770217852699358
225,0.3590620969459605,1.9050383321737537e-05,1048.876453103142,0.4050236707226418,-0.3047384099795196,0.5126315789473684,-0.04001342536518426,0.044376027795293926
226,0.22675274821633384,1.921414624632541e-05,2505.851307042045,0.2129493246419505,-0.2156345296739386,0.39806011103311856,-0.00846802902458621,0.06952401939180253
227,0.743743984198974,4.811751103842286e-06,2628.4952154670955,0.677540415704388,-0.33219851557378766,0.6850331819769473,0.010050461985769976,0.10319191237604086
228,0.7654627668358717,5.179674401137734e-05,1143.8822275678733,0.5079750346740638,-0.7738192031931408,0.5463020509633313,-0.029326103795507263,0.09454218288368255
229,0.19604417240726246,5.96374200042558e-06,1624.305185458684,0.4581277962601813,-0.10834891845160377,0.557465736955999,0.024908246977547455,0.07864855028509032
230,0.6637855375805852,9.554060418566922e-06,250.37049375108256,0.7570833892842755,-0.05693788723009097,0.763373903198415,0.02080020518081549,0.05298541336964657
231,0.3605910100295212,1.946524972012841e-05,1286.3832702841685,0.36895016515869594,-0.2623482185154711,0.4808576940198842,-0.00361982960314311,0.0765622505740633
232,0.3885348221744397,0.00020009048259894563,723.221654531276,0.26975897633886703,-0.2773171553758005,0.3996284685939858,0.023569738518473438,0.1014694918107697
233,0.4275646429758053,3.191401472173088e-05,2168.5899294092005,0.29639779629891216,-0.333532278921715,0.42535907699552633,0.006589986881044729,0.09277701049162856
234,0.9618193011732894,4.7494014991193145e-05,1868.2874442180741,0.7201878161531573,-1.3505996871197632,0.6929228308676529,-0.020581697212765704,0.14868918742663362
235,0.5831859130805565,4.089902591608792e-06,1304.9093132480375,0.6514172809484002,-0.14044299400617155,0.6645098673568425,-0.0016121296098912108,0.04907801767645681
236,0.9114334751636507,9.86145471730287e-05,641.6449735194012,0.6656011188252335,-1.0471935763205544,0.6652239662095218,0.0007181273682924649,0.15130280649926142
237,0.11243051741158916,1.0405643373792443e-05,2087.2988821496106,0.289872085492228,-0.24363365252440516,0.40926275992438566,-0.04873937153419616,0.018508004996025784
238,0.9630776216276562,1.3531624584408217e-05,2381.2860927814468,0.7724234583872359,-1.007154613550099,0.737305819615117,-0.019798130841121475,0.13546186123361115
239,0.1589925545383596,1.2181822527633924e-05,2790.2846820597633,0.22752722151616123,-0.245246840229016,0.3739313143022751,-0.037147911280446255,0.03382409967101552
240,0.1309073415345574,1.0284967474298698e-05,1519.943023696748,0.3663587129659128,-0.13988776564494243,0.46541773110038787,0.01605125185745937,0.0740388019974848
241,0.19597997119805022,3.770190032874254e-05,906.5756967289941,0.2808258012873962,-0.22430531411302201,0.40915712799167536,0.0004898031881734877,0.07251586399149035
242,0.42163044706308594,5.3836720961217854e-05,1355.6457332684934,0.2938563194151552,-0.33855309528559085,0.4170091120242987,0.004082689700349085,0.08819176553363917
243,0.12506557837969867,2.8230459645531485e-05,2587.338855066738,0.16382965834746788,-0.1412705193140904,0.3198553158506653,0.011840705274357877,0.07051629097352086
244,0.47551909989211816,5.6407486504023045e-05,1232.7804611397717,0.3164443448043941,-0.3915409681862465,0.43435505204439595,-0.0055461337489115525,0.08679381941091246
245,0.16055490386681182,0.0001263116209503398,2987.6032194256436,0.14562555986861747,-0.16864213611201562,0.32997604863968555,-0.0047040498442367795,0.06300709466595433
246,0.6945842534850952,4.27285993622833e-05,2324.42530672922,0.4239011209502662,-0.6652746668691392,0.5052749092938877,-0.02634965473948525,0.09031665339621486
247,0.5474656233273819,8.660940123489161e-05,2902.8499271321816,0.33309937100126885,-0.45363672712733094,0.4394475324237831,-0.0021842178641136023,0.09331633582225451
248,0.17758351785363646,1.1862555279624042e-06,1823.5546610776712,0.5586862885857861,-0.027498648629918687,0.5975609756097562,0.01452631849821795,0.03414276300247432
249,0.5777803742208618,2.4991778515125445e-05,2277.1646517410695,0.3896205794989632,-0.4765903562264655,0.4858001414093802,-0.0060582997183957765,0.09492300434272438
250,0.09955548983626006,1.9794425002063084e-05,2286.7188611437696,0.2218415960922384,-0.14614460859608447,0.3752733055058637,0.026153206403897067,0.09007970689215916
251,0.8497156396071105,1.9601461182114647e-05,1874.344992116605,0.6458610485162761,-0.7988788128606761,0.6535761173582968,-0.006507043092409015,0.13005892981565248
252,0.38057259140542266,2.8245943190674717e-05,1291.0464225678386,0.3214675483084034,-0.30083643382661474,0.44286477105860367,-0.011046172702949164,0.07200517812000051
253,0.6609226118924739,2.7703552501998917e-05,461.5456186541207,0.6425468483816013,-0.272702985964119,0.6655800054333062,0.02518678698659582,0.11020148105404881
254,0.916678665046578,2.6284054499749614e-05,1804.9229224620944,0.6959925017732292,-1.0099408019658216,0.6737516142918639,0.005261174342353181,0.15155618883877586
255,0.3027948208602409,3.9061093371634e-06,1346.435381286192,0.554806070826307,-0.06112319617635342,0.6081389229959656,0.03357618813036378,0.07311773440046365
256,0.40226502651849694,2.2481719438773096e-05,878.1397457098625,0.4313838140104945,-0.30067473243369003,0.5305060696831152,-0.02402697969285983,0.061999388566187585
257,0.759492986532787,3.0121045408568383e-05,56.52229542749099,0.7830410414030013,-0.06283914123541101,0.7806476484194295,-0.0025390524307884466,0.022798134244593538
258,0.11159960717792694,2.2685495179425706e-06,682.3351763799773,0.532624814631735,-0.0348623102418264,0.6169474727452924,-0.005183356384835136,0.010632267167206222
259,0.06277034197692422,2.1733341727263725e-05,1652.4877581395872,0.21296232522901026,-0.16464105876459878,0.3823866075261124,-0.0009108692081409853,0.06527728019568346
260,0.3362213574233851,7.446476466022976e-05,2842.97358538212,0.21253102798938628,-0.251682772409197,0.3804794923022682,-0.00159854900936085,0.07762223278141256
261,0.17234625649827573,1.0500206251339476e-05,835.9128782101411,0.45035035666940215,-0.1485003786477872,0.529168283533825,-0.017873371705543706,0.034759125359351994
262,0.72490754986118,4.74458728560001e-06,2450.14002099837,0.6957708049113234,-0.32767109798129,0.7139119451461566,0.004819944598338011,0.09919072090677672
263,0.26266657929805826,3.9275945211353786e-05,1335.3114466679074,0.20494358207094332,-0.2443579531740283,0.3721872187218722,-0.023364915831110444,0.05279772220846746
264,0.9956381035901593,1.706785847985462e-05,1382.3210902094802,0.8292907495324413,-0.9066278616220111,0.7812118250671879,-0.02048939545267614,0.1349223264184901
265,0.4542466859416293,1.1859933294944623e-05,1872.7045041984568,0.45475081180290844,-0.27170827571147815,0.5273454868830592,0.02422752304130904,0.10598123863540587
266,0.8039607436152,7.67854888025482e-06,2969.0770142615143,0.6665307146890882,-0.6205236650991959,0.6731445247728327,-0.015572235412089075,0.10969960188201222
267,0.9244244323355981,2.3439029750184077e-05,1894.426476434491,0.7018116407554927,-1.0798874296435272,0.6834088551618716,-0.02238999466178604,0.13173267208697936
268,0.0187674225998975,2.194791194890929e-05,2035.6201659880142,0.15447181243414132,-0.11505414473145859,0.3299025287983096,0.007056647122887116,0.06503059975520198
269,0.4279670152768218,1.533536540834431e-05,2515.5576170440704,0.3474086502609993,-0.33550735187072367,0.45694108415615,-0.005140615370740509,0.08122509838429759
270,0.36278137394876664,7.582115021208207e-06,2702.9870059007662,0.4200451743807665,-0.2586302766322226,0.5038084020416176,-0.0027568090296319347,0.07589797361554784
271,0.7883446364380591,1.1151742538607272e-05,192.53187412724836,0.7871640937678673,-0.08346091659631716,0.779185520361991,-0.004240098848930174,0.02814214463840392
272,0.7828269908184086,2.191046916042896e-05,816.7843685795497,0.6668636790320899,-0.4711808867043261,0.6772822195704058,-0.0012489950614449352,0.10827795434845422
273,0.2766205402431522,1.1245253588827442e-05,312.15441583321103,0.5814148681055156,-0.04009080458097447,0.6332585390177012,0.027173983571029958,0.05716047859874196
274,0.6702039357426329,1.6101572672492876e-05,190.1661552816215,0.7122630470395508,-0.09826931319371557,0.7164507455389881,-0.007374650622646195,0.02950260280455297
275,0.36144864784800634,1.4369320526538187e-05,2367.8915535851543,0.3456750202101859,-0.3089338296572033,0.46871223311400567,-0.0064402372876291025,0.08005671193028341
276,0.3264085983150702,3.120939871763936e-05,988.5416792535872,0.33816603875134543,-0.2827464976295746,0.4477910213403754,-0.008368760591015878,0.07025896536876408
277,0.8280368110103767,0.00015195696766326258,1080.0858902971238,0.5428506536112654,-0.9411112024328099,0.5477037604685533,-0.021732332707942392,0.10478055187342672
278,0.5347170688176074,6.569312949581114e-05,36.32036155585872,0.6742983751846381,-0.06117340950549366,0.6967441860465116,0.0030843883490134782,0.030800872237089827
279,0.18533072809677487,1.908409568861429e-05,1511.6631700707167,0.2665877202425808,-0.24438461538461542,0.3970144752714113,-0.031435536213678006,0.039485342751244934
280,0.6147316585271535,5.150803646871936e-05,2781.526231698327,0.381224273004913,-0.5541574879587801,0.48214384279958056,-0.007557652316955821,0.09990915147477442
281,0.9746138140518655,6.359828974116892e-06,1552.6362067538748,0.8507077435470441,-0.4045824909636708,0.8166158263054011,0.008521832056885392,0.11557615736613769
282,0.8807943668603921,2.8893882370242782e-05,2692.5113373153335,0.6237328861412159,-0.9718072964638982,0.6220875065893516,0.01005791386852306,0.14844923355663098
283,0.8956103968103958,4.032045104264626e-05,1250.9171230468335,0.6613824039147722,-1.0235533914618955,0.6622045152722443,-0.017754720138751567,0.13363057927478295
284,0.20297489563962656,9.59769835879262e-07,2818.6522559295913,0.5317324185248713,-0.05220712470361066,0.5740922473012757,-0.0034745718598718778,0.018623046019449085
285,0.3785198506259395,9.088118576984308e-05,1575.7096081682873,0.24111985008092218,-0.3164241164241166,0.3932871851550229,-0.00998767146803159,0.07531684508428693
286,0.9830209294535591,8.658307898651262e-05,1889.5454133455514,0.7579897937586718,-1.4609760473670046,0.7109049414566382,-0.005230109384883663,0.16464053287514868
287,0.09601819236913833,1.3848533263736161e-05,2396.986304128561,0.1997355915246365,-0.19690867245527777,0.3490007401924501,-0.029279857451338653,0.03481619906437727
288,0.7942198224590457,4.3595997637870296e-05,800.8686604476015,0.5962330615607512,-0.7157609397186009,0.6132098171318576,-0.018009034733868168,0.10870273990798551
289,0.07990097861342738,1.0356643535274856e-05,1780.5158214764776,0.3249639494443973,-0.1682604055496264,0.4561144839549003,-0.003137956494576155,0.06147050928524356
290,0.9173113199760672,2.270721102836144e-05,1025.5621513164979,0.7519904220293325,-0.739316116000577,0.7284215847339821,-0.00730184382575505,0.1314920551668236
291,0.5512985409994334,5.226267564159404e-06,1541.1559261630175,0.6203521371481524,-0.18391902891318956,0.6530835664760978,0.004296557332610362,0.0693406177973439
292,0.5013552222796505,9.918966316718713e-07,214.95120099115616,0.6661828737300435,-0.0008251767782558872,0.7074626865671642,0.004958469670274357,0.007907763644338539
293,0.33066397707208006,3.811822849894939e-05,928.172635815456,0.32884529076104385,-0.27720371441955316,0.44319097502014504,0.0029339853300733854,0.08252303434211006
294,0.4119059077151117,2.881580778689709e-06,1120.0885560233075,0.6282871357498223,-0.0618304476229079,0.6568303230730095,0.013325937201682181,0.044383602008619016
295,0.9640582555522739,4.673866136375139e-05,1568.2969101186368,0.7306135388216933,-1.2745500209292588,0.7048573403100009,-0.007519492126105698,0.161949833247217
296,0.47911705146199235,1.5250479976782662e-05,956.9417555055727,0.5245998814463544,-0.26718530799642903,0.5931910481292664,-0.0025472659345633364,0.08128944392426762
297,0.9519763670659261,2.390283939379702e-05,2313.568304050456,0.7297809500369186,-1.1171646388418295,0.693420365535248,0.009549262784901313,0.1622702677488571
298,0.3007680980392706,6.780001314914218e-07,1871.0338624094952,0.5954431786607391,-0.04067605482541525,0.6424778761061947,-0.011358688692534313,0.002531804223851686
299,0.9902982664297897,4.8097986678990285e-05,745.743832679305,0.807207485886629,-1.1229988285825852,0.7599868485944435,-0.0048085538498297,0.15897809019750508
300,0.2128979176718493,5.849692697821798e-05,299.15461507539453,0.3670282918527973,-0.2135829133669307,0.46783216783216786,-0.016771941968792392,0.05185561139857908
301,0.3780085916521885,1.0892569443359986e-05,738.9708682395792,0.5279299704011589,-0.16804315737681885,0.5839520646085711,-0.01621168615274704,0.04104941340226698
302,0.5477157003391894,9.409474327507822e-05,1533.5372793471581,0.33261005180503944,-0.4518542615484711,0.43966594705147144,-0.003687921283024753,0.09132303346847348
303,0.4341045083334826,1.6490780560072845e-05,2023.6158061061572,0.3457093278328913,-0.40425049589118744,0.4337016574585635,-0.05630914586909297,0.03203715463250034
304,0.7075816529317727,2.4770448151630475e-05,1181.915872385705,0.5508727502939315,-0.5336580274830407,0.6024716140769086,-0.001995123032586976,0.11325742171614472
305,0.9170347352364295,1.6507256319512178e-05,1314.5281014530026,0.7694977114308792,-0.6564033298417773,0.747169567186388,0.027386844559213808,0.15802822855264076
306,0.03301443356508549,6.098650040457229e-06,975.7422393601903,0.42870592262923657,-0.07112589849022233,0.5156720382503984,0.006326092146096918,0.0418142111562142
307,0.6183485724490709,3.266077296478057e-05,188.63184252712063,0.668031961324112,-0.16090095196812326,0.6822991135258794,0.003980019766541165,0.06192895881174565
308,0.5719127024584434,1.3975696601357287e-05,972.7140775039111,0.5756087050204697,-0.2928729120673137,0.6201962019620196,-0.009899043794493023,0.0751366452083081
309,0.7615919984032113,5.172521034153387e-05,317.3902562772627,0.6664364138733367,-0.4328541126561396,0.6903890160183066,-0.0005004575611988749,0.1085663367290417
310,0.4155130038254963,3.280221471559218e-05,110.33942231921723,0.5966666666666667,-0.10599258247120846,0.6398945097099016,-0.024807766371399476,0.010079275198187854
311,0.3847697273827211,8.833998311427153e-05,2917.498079681698,0.24670110618226737,-0.2859664607237422,0.39589255670940426,0.00557809330628789,0.08731306112035764
312,0.34295438346898777,6.867336862166951e-05,2948.8592357883467,0.19548545796556216,-0.29754204398447603,0.36487289142314083,-0.031050071172707305,0.05148269671268502
313,0.16551010375796815,8.070819440846017e-06,412.38002533374987,0.5108821635544107,-0.052617015699181646,0.5638013881473571,0.0046316285276915,0.030756950247577186
314,0.35157501592847185,0.00012843119561119112,1769.5302484523281,0.2152546711031481,-0.2715133028300287,0.3891888719333255,-0.006834910620399537,0.07574719114875295
315,0.7132179135418165,7.916165801246226e-05,860.7209756699934,0.4730193964378204,-0.6113593308789362,0.5339898170424663,0.012093772314984985,0.12354824833914813
316,0.7239063029129322,4.290455213131682e-05,2449.9524178181196,0.4577047483503687,-0.7117190216761331,0.5314752522825564,-0.011344264327557863,0.11076812203471265
317,0.6847116548722721,5.860176110217827e-05,768.4421280179264,0.49760499053135787,-0.5764275593924018,0.5610761305094447,0.005644686599151627,0.12153785517216675
318,0.1457933505352672,6.126788702923009e-06,2235.5986501337306,0.40466851621544053,-0.12784438701152312,0.49633009323546917,0.025992510398385904,0.08350616744896844
319,0.8261002331452014,1.2658841304497706e-05,2724.483327682974,0.6385238174457938,-0.7265167748744683,0.6514715385067262,0.00464853786404873,0.13517710654843762
320,0.07798940729015824,3.150341500565929e-05,757.0885362392545,0.2662855364990472,-0.1594833508908533,0.41953562850280224,-0.0016863892532321678,0.0625755780576287
321,0.3761650004394026,1.4036134326680654e-05,2865.24735049808,0.3179275191148132,-0.3334313523686301,0.42044626895318804,-0.016772185370423687,0.0644653314305399
322,0.029073340259898273,1.0484822267894834e-05,2644.382523436764,0.21801390862184988,-0.1894336265691412,0.37427934506879856,-0.027300859939893396,0.03781957792652979
323,0.35859700257383686,3.04971325372704e-05,621.2880241662775,0.44258735021522466,-0.2678693453601204,0.5515532835233976,-0.004979265020304435,0.08089413135284695
324,0.3526873972807555,8.56757252389054e-05,1846.76335086574,0.22662881556017755,-0.3096901369484024,0.35485393921510777,-0.013830743945173252,0.06288142044966172
325,0.03243413534242512,2.5804179594235075e-05,1157.0199675501033,0.20132538595387062,-0.15585089301153632,0.3515132653855131,-0.012905233212825218,0.04539174808637747
326,0.09054274217481029,4.745348611015758e-05,1672.9809085288073,0.12334706931545614,-0.1467239992575633,0.3157427937915743,-0.011288631176361807,0.052735368167780794
327,0.12867688719168036,5.867032642320435e-06,844.420935131521,0.4750525712100937,-0.1036759541091079,0.5205034510759237,-0.02243482227917415,0.011226762991957462
328,0.9529956617458631,5.452843492593117e-05,2631.0312039425035,0.7016308642862275,-1.2939483780955703,0.6617264169837773,-0.005873896712163651,0.15160928364731596
329,0.3094366648009689,2.6014245659167774e-05,503.61165800110797,0.45569379808148913,-0.2172919672919671,0.5360227718884962,-0.017560673112157144,0.05194597126025979
330,0.47498822362367876,9.045313601189681e-05,2824.8521659913986,0.2885124696534982,-0.3896680276939464,0.4004275232537986,-0.008026330088646727,0.07848559751352135
331,0.4991049109696465,1.4415702873208553e-05,2018.2116966126819,0.4271391025017035,-0.40199399071291997,0.4890854214922439,-0.023031633273517427,0.06629854547235414
332,0.452426510795504,7.120571367577765e-05,2293.5576822934204,0.2567739743480846,-0.3761239112110144,0.3931568754034861,-0.02570895580881305,0.06258814796486456
333,0.3143380594255275,1.6658936372874938e-05,2020.2860594824713,0.31011450381679395,-0.2690559913443331,0.43017456359102246,-0.007749176093346355,0.06953715249761605
334,0.3147010264238317,7.704624287689744e-07,2086.7688496069827,0.6026008375578576,-0.04046719340432836,0.6453514739229025,-0.0027292011589401532,0.015242023718198716
335,0.4973608097604173,0.0002666225440798451,870.7372664663516,0.299422540270218,-0.38914777942526313,0.4339275445658425,-0.00288287171220869,0.08985581560023936
336,0.8160564393723825,8.113224723413269e-06,1294.4461996417033,0.7372054168132254,-0.3338269134567282,0.7380690161527166,0.001155131396196385,0.09718351970340244
337,0.35259425377378084,1.221673326355894e-05,351.19341337468177,0.5855152652899911,-0.11059780097939576,0.6284758519757475,-0.016733502977657633,0.02191828862002443
338,0.31890452834606264,1.8564001776753644e-05,2960.190605479029,0.2520473976301185,-0.26260160089007023,0.39064725921337873,-0.0014461426048835158,0.07590698583770183
339,0.2578173499218962,8.235724377819316e-06,259.9103301251133,0.586497134670487,-0.0657322856940612,0.6186604723190089,-0.0179482806124458,0.002918707647014074
340,0.30341637646530173,5.698077786326026e-05,634.4221600746666,0.2940693550505713,-0.2405603258476443,0.44315607090497133,0.0032041684134873627,0.08391813580458218
341,0.8137774869878897,2.3104966443625822e-05,551.1677407793685,0.7227635430450299,-0.3657124408092982,0.7301290760869565,0.014481995546156146,0.11580402765253983
342,0.35321834769150995,3.054915985939216e-05,1790.2590428154679,0.3005582302035029,-0.2461004143309773,0.42663294886819214,0.031463235404388,0.1087533476488044
343,0.3807848558082425,3.226409260966622e-07,200.9446744272544,0.6377551020408163,0.012996517438045752,0.74,0.014537810895176695,0.015449791320963357
344,0.30644177509384973,2.545326385426674e-05,737.2165065623954,0.4148059701492538,-0.23039073806078147,0.5225026545781262,0.0010565391205026309,0.07864321913396455
345,0.29484163326402857,3.8285987811787795e-05,2050.915755414392,0.23462076197133863,-0.19975879141805253,0.3914983418751884,0.02674665856622116,0.10013952077646338
346,0.7730079610464919,3.2273502070101145e-05,599.2804166538908,0.6532306864788543,-0.4787943650754145,0.663319803460799,0.0027744408214632754,0.11324687079447893
347,0.600812287602865,7.871030062235338e-05,2458.504221243419,0.35479814869311643,-0.5513945993999332,0.44491045114486505,-0.025226792593513014,0.07590831504511086
348,0.18584748888803038,1.281521970957599e-07,2044.498142057502,0.6049723756906078,-0.01731484699854513,0.6526610644257703,-0.011568434881318534,-0.0085576434738448
349,0.43873050770944255,3.603004344530107e-05,2205.753636493836,0.27974239549192115,-0.37668099742046435,0.41355669488494107,-0.01913650813536516,0.07087844625516226
350,0.7881745924752117,7.882437600367443e-06,1233.651807189621,0.7342905090434458,-0.30955033124230535,0.7281865701648573,-0.0012117373283944133,0.08666480967894297
351,0.04033906084034955,5.53270515741523e-05,2945.3530722967516,0.06623581434181625,-0.11942655046103323,0.2827225130890052,-0.02562219757214046,0.03499479094754543
352,0.9912316548162298,8.91563795451947e-06,1987.972561750155,0.8504957329317269,-0.7596800000000001,0.810486543815458,-0.019907167156777872,0.12841885907788486
353,0.7824316202614554,6.637600589919657e-06,2520.3414958171984,0.6728809885107305,-0.47477388863565473,0.6791615667074664,-0.016810599616499333,0.09355476568849852
354,0.5256486371425587,8.346411762738013e-06,1767.2714271378702,0.54000423998304,-0.28219852337981943,0.5836118890595356,-0.004806385626618059,0.0756273463742344
355,0.0013283227395569641,9.513636657055072e-06,2928.332099829905,0.2197235023041474,-0.18227785959744724,0.37596161169929165,-0.0216017092757681,0.042842679704669484
356,0.06088956798797962,3.270689530129198e-06,55.80621732236046,0.5362637362637362,-0.007293220619923879,0.6521739130434783,-0.004158004158004269,-0.0022499178400789965
357,0.5440016386256401,4.487065100460779e-05,663.487178416409,0.44450876346679535,-0.45811363315945286,0.5168439716312057,-0.03643329326923084,0.06345415148232048
358,0.967794786755232,3.20690451366738e-05,897.5467689545302,0.7874155221277523,-0.8908884973571609,0.7467578401320443,0.008455023364486003,0.155037217358738
359,0.5671661519237793,4.278093735747735e-05,785.8561870773729,0.4351999999999999,-0.4485240551330243,0.5049045252419566,-0.01867788137749371,0.07883423254454447
360,0.6480140927340436,0.00010253730562635365,1450.413515518654,0.3782094277358946,-0.6195907540735126,0.4766899766899767,-0.03540518040305973,0.07755781638324699
361,0.49034937371198706,6.622571319141349e-05,656.9369293844154,0.3712667200521993,-0.39597481936304146,0.4707335144480118,-0.0038051058152930306,0.08973953261927947
362,0.9837913011380444,5.194542136340535e-06,2541.8524869240996,0.8489829834892879,-0.5840297986264695,0.8079594225516973,-0.02248209077781227,0.10504619588011832
363,0.4074348423436879,8.817974799239421e-08,192.54763222614747,0.41666666666666674,-0.004166456239584004,0.375,-0.004038976119553617,-0.0040007067494571835
364,0.23280796682334204,4.8430043509912724e-06,2402.850832973583,0.4494091393213978,-0.185635168541479,0.5227924768887471,-0.011488178025034657,0.05034989115863775
365,0.2532443963848381,1.8388847335396212e-05,1886.0618215219222,0.2837259805211898,-0.2605104281009878,0.40131718716804754,-0.013017716064160911,0.05925660568477997
366,0.6934776003416464,7.984929452555519e-05,2542.0063666772235,0.44074296298228677,-0.6012122124760004,0.5184620411719856,0.014253574950690462,0.12545340988253384
367,0.43201227104841033,3.6836898637229436e-07,1366.0715108930972,0.6693069306930693,-0.026805251641137895,0.7015915119363396,-0.013334866076560425,-0.006515276108545853
368,0.36692230646471247,0.00014919618240380654,663.0661038849038,0.21114284889927581,-0.3313992942453856,0.37298099762470305,-0.03818746004272522,0.04732558570352341
369,0.3334819847194803,5.431904117990856e-05,1893.666645519772,0.22120388574071925,-0.23588267992021716,0.3784639273769709,0.006705436467140391,0.08269547701886104
370,0.5579761875888112,5.934161010275624e-05,2231.9793888298045,0.3497663362057323,-0.4643026176866787,0.4444699403396053,0.0030239121669818347,0.09696281647501148
371,0.36728418774979377,0.00010256814896037885,399.5166219107168,0.32143631016870455,-0.3038574793875146,0.44554077280539817,0.0009809099826454393,0.08617366482055289
372,0.22380268378172752,1.6650674942896025e-05,1166.7577126603778,0.34501236603462493,-0.26229210215395815,0.46190516727675146,-0.04649050855401948,0.028143315962458892
373,0.3399682659922312,9.78788122902557e-05,1394.059469953032,0.2282048377046395,-0.28585879020837535,0.37464822465720626,-0.0064805122837263696,0.07146268291189617
374,0.7323818899541671,1.413451795998832e-05,635.3921827117736,0.6992469954620256,-0.27358651065197237,0.7074249946039284,-0.006181977684568407,0.07423984432011688
375,0.5149365696404514,9.267507346128251e-05,2175.2207454818786,0.3301052063663339,-0.39653526604207157,0.4376831192247014,0.015622370132353902,0.1057603215287054
376,0.4864749409012935,3.578799183776961e-05,516.760285502125,0.4862427568210599,-0.34868529266630643,0.5454030430560051,-0.03159612918269805,0.05645161290322587
377,0.6595828755994303,0.00014494354081983336,1901.3461843580465,0.40651155445596676,-0.6117866099247666,0.49505218190666744,-0.010200273665879056,0.10263872954531716
378,0.24765903137470657,4.1885311774843237e-05,1117.9176665313164,0.2433550651955867,-0.21759583917718572,0.3802412781219432,0.004793733365593855,0.07546984520579891
379,0.04506182284623417,2.071872307233931e-05,2793.226850634408,0.13883635197948385,-0.12385294626882914,0.2999659748213678,0.0005922641194248124,0.05521205800556206
380,0.02025873201165307,9.341185303009943e-05,1937.402910321501,0.06823871187069264,-0.11251762494125028,0.2653715458100917,-0.021517923823749063,0.034506504400956484
381,0.049241214717633985,3.83318236747255e-05,778.2936812848727,0.23110790328401298,-0.13768653028955424,0.3784827377347062,0.012187252515179159,0.07162690124579218
382,0.44389274614592367,6.417346444412402e-06,191.34006130163328,0.6801902630106323,-0.03542037440954893,0.6820109024833434,-0.002758444543771388,0.01138125969283088
383,0.13624779467048542,5.5672165710306456e-06,816.7612444278838,0.499705246610336,-0.06648980519972714,0.559983815496662,0.009193228530528064,0.04276940532274376
384,0.7189569312151737,9.627102682280739e-05,757.990227586526,0.46082089552238814,-0.6492291955870533,0.5197944315807308,-0.007427497149196993,0.1055919419861745
385,0.052382975768472395,3.517555929554564e-05,2552.2088778392267,0.12430964513471454,-0.11187438665358207,0.3029014030855184,0.006515654395007564,0.06405610609870338
386,0.04516761371408784,1.4015538120239988e-05,2393.224024695477,0.20714285714285718,-0.2016567298053078,0.3613427410733375,-0.02502022593114206,0.0420911893236936
387,0.1364380261337772,2.426165959587491e-05,136.72826776743406,0.49390078612089994,-0.057575096370645173,0.54783108302212,-0.004124903117323164,0.020011557208180597
388,0.4798931972168897,2.3735526291654543e-05,625.849324205914,0.5141276344131436,-0.26221563855676644,0.5728838005949699,-0.0030733660407149532,0.07481865284974087
389,0.19778567214862275,6.363268083406761e-05,2702.653969730518,0.16325689558741274,-0.17393421864346248,0.31980358030830436,0.002918017600741174,0.06596749857775341
390,0.3480301933737008,0.00018155981848150295,493.1197399035108,0.24273805059566733,-0.2867661757846336,0.38412430739580816,-0.0029684142174672967,0.07610260195608032
391,0.6030729984657829,9.75272525092304e-06,472.8568990839324,0.6840023563073299,-0.127547810770005,0.7113791861721281,0.00023851484754944252,0.04898729958899539
392,0.8418695015213402,1.058529069495937e-05,2345.7568656780923,0.6945891546294104,-0.6311296975252063,0.7031700288184438,0.02084546407359955,0.14949561766165043
393,0.4706097214813315,1.369787494491062e-05,272.5497839028328,0.6263478168036725,-0.09333694230161971,0.6622979467016165,-0.00448146781251646,0.03346344131467072
394,0.9234546836436304,6.025017105180904e-06,370.7343459467198,0.8569137782163563,-0.08860301565710649,0.8353898661065897,0.01067177806845987,0.04944336106242753
395,0.20153716672167088,2.867723797458053e-05,1155.2097559678382,0.27381806994154445,-0.24615630153747947,0.4188283922462943,-0.018609660867353828,0.05728310191767949
396,0.2821463178853403,9.126349660924936e-07,585.8891611819364,0.6109625668449197,-0.023743924310555276,0.64,-0.011639172892073057,-0.005875514897273115
397,0.6191628963386594,1.269237865273805e-05,2709.9626351310285,0.47265296309652605,-0.49853328544061304,0.5351653177740134,-0.013901385639733865,0.09202038173389981
398,0.466048107065108,1.4012963747502446e-05,782.3127255642055,0.5531354120045751,-0.1862590787552385,0.6039219798657718,0.017860574943027285,0.08570249338415592
399,0.021164058634761784,6.3852032200915775e-06,2724.9667901535763,0.33952869468171865,-0.1413286991478404,0.4524261317430197,0.016324692504714355,0.07509284627092838
400,0.8284389746718929,8.225403477939735e-06,1666.7305868707997,0.7321081328402028,-0.4361246261661387,0.7242024739583333,-0.004786507679529262,0.10272320303404903
401,0.22371207921511616,4.779070389251749e-05,1925.2483123585903,0.1927541740986578,-0.16215102829800054,0.33180947674059436,0.022431413102986797,0.08354587945279035
402,0.7477973930569661,5.477515649519835e-05,2526.3474378213396,0.47941266286644946,-0.7278371581263754,0.5294653380477874,0.004896206598294928,0.12228749550413631
403,0.5979377388471047,8.6726737476228e-05,2450.858601356627,0.3670181605155244,-0.4904861035024288,0.4742290748898679,0.005436205436205377,0.1078885612852758
404,0.5549070788554235,4.19656235836938e-05,117.594207230029,0.6350636468837825,-0.1263825582507252,0.6659776055124893,-0.003300197744642075,0.04487346402311243
405,0.8596362318524614,7.791932781019048e-06,2085.856885630365,0.7351620426776204,-0.5320435900575486,0.7192513368983957,-0.008726028578821543,0.10932719870883822
406,0.3761100393240835,5.493550667001311e-05,2843.870493426601,0.26053781131219156,-0.262343280051367,0.4000582411182295,0.021929215822345527,0.10109126379320865
407,0.6201387995227255,2.307606664990156e-05,852.1588494704985,0.5670306445931665,-0.38494394020288314,0.602449470283267,0.003390999482728807,0.09955973704842891
408,0.10433944448847321,2.53694559372812e-05,178.44087722935242,0.48255694643956504,-0.0631404958677686,0.56211509874708,0.006566530355457734,0.03886179865440398
409,0.2776236567285978,5.340055422251371e-05,1396.0029240625215,0.2197374243988789,-0.21979598342365314,0.37554099171509836,0.008473147935340597,0.0813737889708861
410,0.17767778482740115,1.9237193128600984e-05,910.0161423976949,0.3712236286919831,-0.1832390944467137,0.47241559345631745,0.003916653611154786,0.06981212900067302
411,0.8676471264671073,3.9341373968246976e-05,53.15549951396703,0.8405735976381274,-0.0764230197736886,0.8227056019070322,0.008170676350431338,0.04214464150333708
412,0.02997936739872975,1.6178145203246247e-05,2518.993836702974,0.16325501663809616,-0.1534137200586605,0.34463433197260085,-0.011896714884412685,0.051699454496087816
413,0.2069158917450924,8.54875055217996e-06,2033.022643620626,0.3832751164337991,-0.18740498062139999,0.4812811265670617,0.006572531060509812,0.07366951878147954
414,0.6755660144546706,3.332747672759452e-05,644.0500274860867,0.5872077577045696,-0.43897737648371726,0.6177225730344875,0.005378199597354083,0.11049302569355923
415,0.9283789224881077,8.901978165278974e-06,114.13020242978489,0.8483365949119374,-0.07160253287871399,0.8279734558448189,-0.02338581465716194,-0.0025264211118753988
